acc,precision,f1,filename
0.9810126582278481,0.9829545454545454,0.9808399692792757,abalone_train.csv
